Iteration,Function,Color,Increment Count,Increment Percentage,Decrement Count,Decrement Percentage,Proposer 1,confirmed_round_1
0,1,1,94,18.8,406,81.2,EMGUFI4UI3CF7VIKSAVFU65RLA6FAPSVU6TM4IZUYOVXSVR7HSZJGGOQUU,59
1,1,1,94,18.8,406,81.2,EMGUFI4UI3CF7VIKSAVFU65RLA6FAPSVU6TM4IZUYOVXSVR7HSZJGGOQUU,61
2,1,1,94,18.8,406,81.2,EMGUFI4UI3CF7VIKSAVFU65RLA6FAPSVU6TM4IZUYOVXSVR7HSZJGGOQUU,63
3,1,1,94,18.8,406,81.2,EMGUFI4UI3CF7VIKSAVFU65RLA6FAPSVU6TM4IZUYOVXSVR7HSZJGGOQUU,65
4,1,1,94,18.8,406,81.2,EMGUFI4UI3CF7VIKSAVFU65RLA6FAPSVU6TM4IZUYOVXSVR7HSZJGGOQUU,67
5,0,0,94,18.8,406,81.2,BFQYPRLMZJUL724E3AW65DSRZRHY2YHNKTXUQKPDRPU5BYSGOE2VQ46LNU,69
6,1,1,94,18.8,406,81.2,EMGUFI4UI3CF7VIKSAVFU65RLA6FAPSVU6TM4IZUYOVXSVR7HSZJGGOQUU,71
7,1,1,94,18.8,406,81.2,EMGUFI4UI3CF7VIKSAVFU65RLA6FAPSVU6TM4IZUYOVXSVR7HSZJGGOQUU,73
8,0,0,94,18.8,406,81.2,BFQYPRLMZJUL724E3AW65DSRZRHY2YHNKTXUQKPDRPU5BYSGOE2VQ46LNU,75
9,1,1,94,18.8,406,81.2,EMGUFI4UI3CF7VIKSAVFU65RLA6FAPSVU6TM4IZUYOVXSVR7HSZJGGOQUU,77
10,1,1,94,18.8,406,81.2,BFQYPRLMZJUL724E3AW65DSRZRHY2YHNKTXUQKPDRPU5BYSGOE2VQ46LNU,79
11,1,1,94,18.8,406,81.2,EMGUFI4UI3CF7VIKSAVFU65RLA6FAPSVU6TM4IZUYOVXSVR7HSZJGGOQUU,81
12,1,1,94,18.8,406,81.2,BFQYPRLMZJUL724E3AW65DSRZRHY2YHNKTXUQKPDRPU5BYSGOE2VQ46LNU,83
13,1,1,94,18.8,406,81.2,EMGUFI4UI3CF7VIKSAVFU65RLA6FAPSVU6TM4IZUYOVXSVR7HSZJGGOQUU,85
14,1,1,94,18.8,406,81.2,EMGUFI4UI3CF7VIKSAVFU65RLA6FAPSVU6TM4IZUYOVXSVR7HSZJGGOQUU,87
15,1,1,94,18.8,406,81.2,BFQYPRLMZJUL724E3AW65DSRZRHY2YHNKTXUQKPDRPU5BYSGOE2VQ46LNU,89
16,1,1,94,18.8,406,81.2,EMGUFI4UI3CF7VIKSAVFU65RLA6FAPSVU6TM4IZUYOVXSVR7HSZJGGOQUU,91
17,0,0,94,18.8,406,81.2,BFQYPRLMZJUL724E3AW65DSRZRHY2YHNKTXUQKPDRPU5BYSGOE2VQ46LNU,93
18,1,1,94,18.8,406,81.2,BFQYPRLMZJUL724E3AW65DSRZRHY2YHNKTXUQKPDRPU5BYSGOE2VQ46LNU,95
19,1,1,94,18.8,406,81.2,EMGUFI4UI3CF7VIKSAVFU65RLA6FAPSVU6TM4IZUYOVXSVR7HSZJGGOQUU,97
20,1,1,94,18.8,406,81.2,EMGUFI4UI3CF7VIKSAVFU65RLA6FAPSVU6TM4IZUYOVXSVR7HSZJGGOQUU,99
21,1,1,94,18.8,406,81.2,EMGUFI4UI3CF7VIKSAVFU65RLA6FAPSVU6TM4IZUYOVXSVR7HSZJGGOQUU,101
22,1,1,94,18.8,406,81.2,EMGUFI4UI3CF7VIKSAVFU65RLA6FAPSVU6TM4IZUYOVXSVR7HSZJGGOQUU,103
23,1,1,94,18.8,406,81.2,EMGUFI4UI3CF7VIKSAVFU65RLA6FAPSVU6TM4IZUYOVXSVR7HSZJGGOQUU,105
24,1,1,94,18.8,406,81.2,EMGUFI4UI3CF7VIKSAVFU65RLA6FAPSVU6TM4IZUYOVXSVR7HSZJGGOQUU,107
25,1,1,94,18.8,406,81.2,EMGUFI4UI3CF7VIKSAVFU65RLA6FAPSVU6TM4IZUYOVXSVR7HSZJGGOQUU,109
26,1,1,94,18.8,406,81.2,EMGUFI4UI3CF7VIKSAVFU65RLA6FAPSVU6TM4IZUYOVXSVR7HSZJGGOQUU,111
27,1,1,94,18.8,406,81.2,EMGUFI4UI3CF7VIKSAVFU65RLA6FAPSVU6TM4IZUYOVXSVR7HSZJGGOQUU,113
28,0,0,94,18.8,406,81.2,BFQYPRLMZJUL724E3AW65DSRZRHY2YHNKTXUQKPDRPU5BYSGOE2VQ46LNU,115
29,1,1,94,18.8,406,81.2,EMGUFI4UI3CF7VIKSAVFU65RLA6FAPSVU6TM4IZUYOVXSVR7HSZJGGOQUU,117
30,1,1,94,18.8,406,81.2,EMGUFI4UI3CF7VIKSAVFU65RLA6FAPSVU6TM4IZUYOVXSVR7HSZJGGOQUU,119
31,1,1,94,18.8,406,81.2,EMGUFI4UI3CF7VIKSAVFU65RLA6FAPSVU6TM4IZUYOVXSVR7HSZJGGOQUU,121
32,1,1,94,18.8,406,81.2,EMGUFI4UI3CF7VIKSAVFU65RLA6FAPSVU6TM4IZUYOVXSVR7HSZJGGOQUU,123
33,1,1,94,18.8,406,81.2,EMGUFI4UI3CF7VIKSAVFU65RLA6FAPSVU6TM4IZUYOVXSVR7HSZJGGOQUU,125
34,1,1,94,18.8,406,81.2,EMGUFI4UI3CF7VIKSAVFU65RLA6FAPSVU6TM4IZUYOVXSVR7HSZJGGOQUU,127
35,1,1,94,18.8,406,81.2,EMGUFI4UI3CF7VIKSAVFU65RLA6FAPSVU6TM4IZUYOVXSVR7HSZJGGOQUU,129
36,1,1,94,18.8,406,81.2,EMGUFI4UI3CF7VIKSAVFU65RLA6FAPSVU6TM4IZUYOVXSVR7HSZJGGOQUU,131
37,1,1,94,18.8,406,81.2,EMGUFI4UI3CF7VIKSAVFU65RLA6FAPSVU6TM4IZUYOVXSVR7HSZJGGOQUU,133
38,0,0,94,18.8,406,81.2,BFQYPRLMZJUL724E3AW65DSRZRHY2YHNKTXUQKPDRPU5BYSGOE2VQ46LNU,135
39,1,1,94,18.8,406,81.2,EMGUFI4UI3CF7VIKSAVFU65RLA6FAPSVU6TM4IZUYOVXSVR7HSZJGGOQUU,137
40,1,1,94,18.8,406,81.2,EMGUFI4UI3CF7VIKSAVFU65RLA6FAPSVU6TM4IZUYOVXSVR7HSZJGGOQUU,139
41,1,1,94,18.8,406,81.2,EMGUFI4UI3CF7VIKSAVFU65RLA6FAPSVU6TM4IZUYOVXSVR7HSZJGGOQUU,141
42,1,1,94,18.8,406,81.2,EMGUFI4UI3CF7VIKSAVFU65RLA6FAPSVU6TM4IZUYOVXSVR7HSZJGGOQUU,143
43,1,1,94,18.8,406,81.2,EMGUFI4UI3CF7VIKSAVFU65RLA6FAPSVU6TM4IZUYOVXSVR7HSZJGGOQUU,145
44,1,1,94,18.8,406,81.2,EMGUFI4UI3CF7VIKSAVFU65RLA6FAPSVU6TM4IZUYOVXSVR7HSZJGGOQUU,147
45,1,1,94,18.8,406,81.2,EMGUFI4UI3CF7VIKSAVFU65RLA6FAPSVU6TM4IZUYOVXSVR7HSZJGGOQUU,149
46,1,1,94,18.8,406,81.2,EMGUFI4UI3CF7VIKSAVFU65RLA6FAPSVU6TM4IZUYOVXSVR7HSZJGGOQUU,151
47,0,0,94,18.8,406,81.2,BFQYPRLMZJUL724E3AW65DSRZRHY2YHNKTXUQKPDRPU5BYSGOE2VQ46LNU,153
48,1,1,94,18.8,406,81.2,EMGUFI4UI3CF7VIKSAVFU65RLA6FAPSVU6TM4IZUYOVXSVR7HSZJGGOQUU,155
49,0,0,94,18.8,406,81.2,BFQYPRLMZJUL724E3AW65DSRZRHY2YHNKTXUQKPDRPU5BYSGOE2VQ46LNU,157
50,0,0,94,18.8,406,81.2,BFQYPRLMZJUL724E3AW65DSRZRHY2YHNKTXUQKPDRPU5BYSGOE2VQ46LNU,159
51,1,1,94,18.8,406,81.2,EMGUFI4UI3CF7VIKSAVFU65RLA6FAPSVU6TM4IZUYOVXSVR7HSZJGGOQUU,161
52,1,1,94,18.8,406,81.2,EMGUFI4UI3CF7VIKSAVFU65RLA6FAPSVU6TM4IZUYOVXSVR7HSZJGGOQUU,163
53,1,1,94,18.8,406,81.2,EMGUFI4UI3CF7VIKSAVFU65RLA6FAPSVU6TM4IZUYOVXSVR7HSZJGGOQUU,165
54,1,1,94,18.8,406,81.2,EMGUFI4UI3CF7VIKSAVFU65RLA6FAPSVU6TM4IZUYOVXSVR7HSZJGGOQUU,167
55,1,1,94,18.8,406,81.2,EMGUFI4UI3CF7VIKSAVFU65RLA6FAPSVU6TM4IZUYOVXSVR7HSZJGGOQUU,169
56,1,1,94,18.8,406,81.2,EMGUFI4UI3CF7VIKSAVFU65RLA6FAPSVU6TM4IZUYOVXSVR7HSZJGGOQUU,171
57,1,1,94,18.8,406,81.2,BFQYPRLMZJUL724E3AW65DSRZRHY2YHNKTXUQKPDRPU5BYSGOE2VQ46LNU,173
58,1,1,94,18.8,406,81.2,EMGUFI4UI3CF7VIKSAVFU65RLA6FAPSVU6TM4IZUYOVXSVR7HSZJGGOQUU,175
59,1,1,94,18.8,406,81.2,EMGUFI4UI3CF7VIKSAVFU65RLA6FAPSVU6TM4IZUYOVXSVR7HSZJGGOQUU,177
60,0,0,94,18.8,406,81.2,BFQYPRLMZJUL724E3AW65DSRZRHY2YHNKTXUQKPDRPU5BYSGOE2VQ46LNU,179
61,1,1,94,18.8,406,81.2,EMGUFI4UI3CF7VIKSAVFU65RLA6FAPSVU6TM4IZUYOVXSVR7HSZJGGOQUU,181
62,0,0,94,18.8,406,81.2,BFQYPRLMZJUL724E3AW65DSRZRHY2YHNKTXUQKPDRPU5BYSGOE2VQ46LNU,183
63,1,1,94,18.8,406,81.2,EMGUFI4UI3CF7VIKSAVFU65RLA6FAPSVU6TM4IZUYOVXSVR7HSZJGGOQUU,185
64,0,0,94,18.8,406,81.2,BFQYPRLMZJUL724E3AW65DSRZRHY2YHNKTXUQKPDRPU5BYSGOE2VQ46LNU,187
65,1,1,94,18.8,406,81.2,EMGUFI4UI3CF7VIKSAVFU65RLA6FAPSVU6TM4IZUYOVXSVR7HSZJGGOQUU,189
66,0,0,94,18.8,406,81.2,BFQYPRLMZJUL724E3AW65DSRZRHY2YHNKTXUQKPDRPU5BYSGOE2VQ46LNU,191
67,0,0,94,18.8,406,81.2,BFQYPRLMZJUL724E3AW65DSRZRHY2YHNKTXUQKPDRPU5BYSGOE2VQ46LNU,193
68,0,0,94,18.8,406,81.2,BFQYPRLMZJUL724E3AW65DSRZRHY2YHNKTXUQKPDRPU5BYSGOE2VQ46LNU,195
69,1,1,94,18.8,406,81.2,EMGUFI4UI3CF7VIKSAVFU65RLA6FAPSVU6TM4IZUYOVXSVR7HSZJGGOQUU,197
70,1,1,94,18.8,406,81.2,EMGUFI4UI3CF7VIKSAVFU65RLA6FAPSVU6TM4IZUYOVXSVR7HSZJGGOQUU,199
71,0,0,94,18.8,406,81.2,BFQYPRLMZJUL724E3AW65DSRZRHY2YHNKTXUQKPDRPU5BYSGOE2VQ46LNU,201
72,1,1,94,18.8,406,81.2,EMGUFI4UI3CF7VIKSAVFU65RLA6FAPSVU6TM4IZUYOVXSVR7HSZJGGOQUU,203
73,1,1,94,18.8,406,81.2,EMGUFI4UI3CF7VIKSAVFU65RLA6FAPSVU6TM4IZUYOVXSVR7HSZJGGOQUU,205
74,1,1,94,18.8,406,81.2,EMGUFI4UI3CF7VIKSAVFU65RLA6FAPSVU6TM4IZUYOVXSVR7HSZJGGOQUU,207
75,1,1,94,18.8,406,81.2,EMGUFI4UI3CF7VIKSAVFU65RLA6FAPSVU6TM4IZUYOVXSVR7HSZJGGOQUU,209
76,1,1,94,18.8,406,81.2,EMGUFI4UI3CF7VIKSAVFU65RLA6FAPSVU6TM4IZUYOVXSVR7HSZJGGOQUU,211
77,1,1,94,18.8,406,81.2,EMGUFI4UI3CF7VIKSAVFU65RLA6FAPSVU6TM4IZUYOVXSVR7HSZJGGOQUU,213
78,0,0,94,18.8,406,81.2,BFQYPRLMZJUL724E3AW65DSRZRHY2YHNKTXUQKPDRPU5BYSGOE2VQ46LNU,215
79,1,1,94,18.8,406,81.2,EMGUFI4UI3CF7VIKSAVFU65RLA6FAPSVU6TM4IZUYOVXSVR7HSZJGGOQUU,217
80,1,1,94,18.8,406,81.2,EMGUFI4UI3CF7VIKSAVFU65RLA6FAPSVU6TM4IZUYOVXSVR7HSZJGGOQUU,219
81,0,0,94,18.8,406,81.2,BFQYPRLMZJUL724E3AW65DSRZRHY2YHNKTXUQKPDRPU5BYSGOE2VQ46LNU,221
82,1,1,94,18.8,406,81.2,EMGUFI4UI3CF7VIKSAVFU65RLA6FAPSVU6TM4IZUYOVXSVR7HSZJGGOQUU,223
83,1,1,94,18.8,406,81.2,EMGUFI4UI3CF7VIKSAVFU65RLA6FAPSVU6TM4IZUYOVXSVR7HSZJGGOQUU,225
84,1,1,94,18.8,406,81.2,EMGUFI4UI3CF7VIKSAVFU65RLA6FAPSVU6TM4IZUYOVXSVR7HSZJGGOQUU,227
85,1,1,94,18.8,406,81.2,EMGUFI4UI3CF7VIKSAVFU65RLA6FAPSVU6TM4IZUYOVXSVR7HSZJGGOQUU,229
86,1,1,94,18.8,406,81.2,EMGUFI4UI3CF7VIKSAVFU65RLA6FAPSVU6TM4IZUYOVXSVR7HSZJGGOQUU,231
87,0,0,94,18.8,406,81.2,BFQYPRLMZJUL724E3AW65DSRZRHY2YHNKTXUQKPDRPU5BYSGOE2VQ46LNU,233
88,1,1,94,18.8,406,81.2,EMGUFI4UI3CF7VIKSAVFU65RLA6FAPSVU6TM4IZUYOVXSVR7HSZJGGOQUU,235
89,0,0,94,18.8,406,81.2,BFQYPRLMZJUL724E3AW65DSRZRHY2YHNKTXUQKPDRPU5BYSGOE2VQ46LNU,237
90,1,1,94,18.8,406,81.2,EMGUFI4UI3CF7VIKSAVFU65RLA6FAPSVU6TM4IZUYOVXSVR7HSZJGGOQUU,239
91,1,1,94,18.8,406,81.2,EMGUFI4UI3CF7VIKSAVFU65RLA6FAPSVU6TM4IZUYOVXSVR7HSZJGGOQUU,241
92,0,0,94,18.8,406,81.2,BFQYPRLMZJUL724E3AW65DSRZRHY2YHNKTXUQKPDRPU5BYSGOE2VQ46LNU,243
93,1,1,94,18.8,406,81.2,EMGUFI4UI3CF7VIKSAVFU65RLA6FAPSVU6TM4IZUYOVXSVR7HSZJGGOQUU,245
94,1,1,94,18.8,406,81.2,EMGUFI4UI3CF7VIKSAVFU65RLA6FAPSVU6TM4IZUYOVXSVR7HSZJGGOQUU,247
95,0,0,94,18.8,406,81.2,BFQYPRLMZJUL724E3AW65DSRZRHY2YHNKTXUQKPDRPU5BYSGOE2VQ46LNU,249
96,1,1,94,18.8,406,81.2,EMGUFI4UI3CF7VIKSAVFU65RLA6FAPSVU6TM4IZUYOVXSVR7HSZJGGOQUU,251
97,1,1,94,18.8,406,81.2,EMGUFI4UI3CF7VIKSAVFU65RLA6FAPSVU6TM4IZUYOVXSVR7HSZJGGOQUU,253
98,1,1,94,18.8,406,81.2,EMGUFI4UI3CF7VIKSAVFU65RLA6FAPSVU6TM4IZUYOVXSVR7HSZJGGOQUU,255
99,0,0,94,18.8,406,81.2,BFQYPRLMZJUL724E3AW65DSRZRHY2YHNKTXUQKPDRPU5BYSGOE2VQ46LNU,257
100,1,1,94,18.8,406,81.2,EMGUFI4UI3CF7VIKSAVFU65RLA6FAPSVU6TM4IZUYOVXSVR7HSZJGGOQUU,259
101,1,1,94,18.8,406,81.2,EMGUFI4UI3CF7VIKSAVFU65RLA6FAPSVU6TM4IZUYOVXSVR7HSZJGGOQUU,261
102,1,1,94,18.8,406,81.2,EMGUFI4UI3CF7VIKSAVFU65RLA6FAPSVU6TM4IZUYOVXSVR7HSZJGGOQUU,263
103,1,1,94,18.8,406,81.2,EMGUFI4UI3CF7VIKSAVFU65RLA6FAPSVU6TM4IZUYOVXSVR7HSZJGGOQUU,265
104,1,1,94,18.8,406,81.2,EMGUFI4UI3CF7VIKSAVFU65RLA6FAPSVU6TM4IZUYOVXSVR7HSZJGGOQUU,267
105,0,0,94,18.8,406,81.2,BFQYPRLMZJUL724E3AW65DSRZRHY2YHNKTXUQKPDRPU5BYSGOE2VQ46LNU,269
106,0,0,94,18.8,406,81.2,BFQYPRLMZJUL724E3AW65DSRZRHY2YHNKTXUQKPDRPU5BYSGOE2VQ46LNU,271
107,1,1,94,18.8,406,81.2,EMGUFI4UI3CF7VIKSAVFU65RLA6FAPSVU6TM4IZUYOVXSVR7HSZJGGOQUU,273
108,1,1,94,18.8,406,81.2,EMGUFI4UI3CF7VIKSAVFU65RLA6FAPSVU6TM4IZUYOVXSVR7HSZJGGOQUU,275
109,1,1,94,18.8,406,81.2,EMGUFI4UI3CF7VIKSAVFU65RLA6FAPSVU6TM4IZUYOVXSVR7HSZJGGOQUU,277
110,1,1,94,18.8,406,81.2,EMGUFI4UI3CF7VIKSAVFU65RLA6FAPSVU6TM4IZUYOVXSVR7HSZJGGOQUU,279
111,1,1,94,18.8,406,81.2,EMGUFI4UI3CF7VIKSAVFU65RLA6FAPSVU6TM4IZUYOVXSVR7HSZJGGOQUU,281
112,0,0,94,18.8,406,81.2,BFQYPRLMZJUL724E3AW65DSRZRHY2YHNKTXUQKPDRPU5BYSGOE2VQ46LNU,283
113,1,1,94,18.8,406,81.2,BFQYPRLMZJUL724E3AW65DSRZRHY2YHNKTXUQKPDRPU5BYSGOE2VQ46LNU,285
114,1,1,94,18.8,406,81.2,EMGUFI4UI3CF7VIKSAVFU65RLA6FAPSVU6TM4IZUYOVXSVR7HSZJGGOQUU,287
115,1,1,94,18.8,406,81.2,EMGUFI4UI3CF7VIKSAVFU65RLA6FAPSVU6TM4IZUYOVXSVR7HSZJGGOQUU,289
116,1,1,94,18.8,406,81.2,EMGUFI4UI3CF7VIKSAVFU65RLA6FAPSVU6TM4IZUYOVXSVR7HSZJGGOQUU,291
117,0,0,94,18.8,406,81.2,BFQYPRLMZJUL724E3AW65DSRZRHY2YHNKTXUQKPDRPU5BYSGOE2VQ46LNU,293
118,1,1,94,18.8,406,81.2,EMGUFI4UI3CF7VIKSAVFU65RLA6FAPSVU6TM4IZUYOVXSVR7HSZJGGOQUU,295
119,1,1,94,18.8,406,81.2,EMGUFI4UI3CF7VIKSAVFU65RLA6FAPSVU6TM4IZUYOVXSVR7HSZJGGOQUU,297
120,1,1,94,18.8,406,81.2,EMGUFI4UI3CF7VIKSAVFU65RLA6FAPSVU6TM4IZUYOVXSVR7HSZJGGOQUU,299
121,1,1,94,18.8,406,81.2,BFQYPRLMZJUL724E3AW65DSRZRHY2YHNKTXUQKPDRPU5BYSGOE2VQ46LNU,301
122,1,1,94,18.8,406,81.2,EMGUFI4UI3CF7VIKSAVFU65RLA6FAPSVU6TM4IZUYOVXSVR7HSZJGGOQUU,303
123,1,1,94,18.8,406,81.2,EMGUFI4UI3CF7VIKSAVFU65RLA6FAPSVU6TM4IZUYOVXSVR7HSZJGGOQUU,305
124,1,1,94,18.8,406,81.2,EMGUFI4UI3CF7VIKSAVFU65RLA6FAPSVU6TM4IZUYOVXSVR7HSZJGGOQUU,307
125,1,1,94,18.8,406,81.2,EMGUFI4UI3CF7VIKSAVFU65RLA6FAPSVU6TM4IZUYOVXSVR7HSZJGGOQUU,309
126,1,1,94,18.8,406,81.2,EMGUFI4UI3CF7VIKSAVFU65RLA6FAPSVU6TM4IZUYOVXSVR7HSZJGGOQUU,311
127,1,1,94,18.8,406,81.2,EMGUFI4UI3CF7VIKSAVFU65RLA6FAPSVU6TM4IZUYOVXSVR7HSZJGGOQUU,313
128,0,0,94,18.8,406,81.2,BFQYPRLMZJUL724E3AW65DSRZRHY2YHNKTXUQKPDRPU5BYSGOE2VQ46LNU,315
129,1,1,94,18.8,406,81.2,EMGUFI4UI3CF7VIKSAVFU65RLA6FAPSVU6TM4IZUYOVXSVR7HSZJGGOQUU,317
130,1,1,94,18.8,406,81.2,EMGUFI4UI3CF7VIKSAVFU65RLA6FAPSVU6TM4IZUYOVXSVR7HSZJGGOQUU,319
131,1,1,94,18.8,406,81.2,EMGUFI4UI3CF7VIKSAVFU65RLA6FAPSVU6TM4IZUYOVXSVR7HSZJGGOQUU,321
132,1,1,94,18.8,406,81.2,EMGUFI4UI3CF7VIKSAVFU65RLA6FAPSVU6TM4IZUYOVXSVR7HSZJGGOQUU,323
133,1,1,94,18.8,406,81.2,EMGUFI4UI3CF7VIKSAVFU65RLA6FAPSVU6TM4IZUYOVXSVR7HSZJGGOQUU,325
134,1,1,94,18.8,406,81.2,EMGUFI4UI3CF7VIKSAVFU65RLA6FAPSVU6TM4IZUYOVXSVR7HSZJGGOQUU,327
135,1,1,94,18.8,406,81.2,EMGUFI4UI3CF7VIKSAVFU65RLA6FAPSVU6TM4IZUYOVXSVR7HSZJGGOQUU,329
136,1,1,94,18.8,406,81.2,EMGUFI4UI3CF7VIKSAVFU65RLA6FAPSVU6TM4IZUYOVXSVR7HSZJGGOQUU,331
137,1,1,94,18.8,406,81.2,EMGUFI4UI3CF7VIKSAVFU65RLA6FAPSVU6TM4IZUYOVXSVR7HSZJGGOQUU,333
138,0,0,94,18.8,406,81.2,BFQYPRLMZJUL724E3AW65DSRZRHY2YHNKTXUQKPDRPU5BYSGOE2VQ46LNU,335
139,1,1,94,18.8,406,81.2,EMGUFI4UI3CF7VIKSAVFU65RLA6FAPSVU6TM4IZUYOVXSVR7HSZJGGOQUU,337
140,1,1,94,18.8,406,81.2,EMGUFI4UI3CF7VIKSAVFU65RLA6FAPSVU6TM4IZUYOVXSVR7HSZJGGOQUU,339
141,1,1,94,18.8,406,81.2,BFQYPRLMZJUL724E3AW65DSRZRHY2YHNKTXUQKPDRPU5BYSGOE2VQ46LNU,341
142,0,0,94,18.8,406,81.2,BFQYPRLMZJUL724E3AW65DSRZRHY2YHNKTXUQKPDRPU5BYSGOE2VQ46LNU,343
143,1,1,94,18.8,406,81.2,EMGUFI4UI3CF7VIKSAVFU65RLA6FAPSVU6TM4IZUYOVXSVR7HSZJGGOQUU,345
144,1,1,94,18.8,406,81.2,EMGUFI4UI3CF7VIKSAVFU65RLA6FAPSVU6TM4IZUYOVXSVR7HSZJGGOQUU,347
145,1,1,94,18.8,406,81.2,EMGUFI4UI3CF7VIKSAVFU65RLA6FAPSVU6TM4IZUYOVXSVR7HSZJGGOQUU,349
146,1,1,94,18.8,406,81.2,EMGUFI4UI3CF7VIKSAVFU65RLA6FAPSVU6TM4IZUYOVXSVR7HSZJGGOQUU,351
147,0,0,94,18.8,406,81.2,BFQYPRLMZJUL724E3AW65DSRZRHY2YHNKTXUQKPDRPU5BYSGOE2VQ46LNU,353
148,0,0,94,18.8,406,81.2,BFQYPRLMZJUL724E3AW65DSRZRHY2YHNKTXUQKPDRPU5BYSGOE2VQ46LNU,355
149,1,1,94,18.8,406,81.2,EMGUFI4UI3CF7VIKSAVFU65RLA6FAPSVU6TM4IZUYOVXSVR7HSZJGGOQUU,357
150,0,0,94,18.8,406,81.2,BFQYPRLMZJUL724E3AW65DSRZRHY2YHNKTXUQKPDRPU5BYSGOE2VQ46LNU,359
151,0,0,94,18.8,406,81.2,BFQYPRLMZJUL724E3AW65DSRZRHY2YHNKTXUQKPDRPU5BYSGOE2VQ46LNU,361
152,1,1,94,18.8,406,81.2,EMGUFI4UI3CF7VIKSAVFU65RLA6FAPSVU6TM4IZUYOVXSVR7HSZJGGOQUU,363
153,0,0,94,18.8,406,81.2,BFQYPRLMZJUL724E3AW65DSRZRHY2YHNKTXUQKPDRPU5BYSGOE2VQ46LNU,365
154,0,0,94,18.8,406,81.2,BFQYPRLMZJUL724E3AW65DSRZRHY2YHNKTXUQKPDRPU5BYSGOE2VQ46LNU,367
155,1,1,94,18.8,406,81.2,EMGUFI4UI3CF7VIKSAVFU65RLA6FAPSVU6TM4IZUYOVXSVR7HSZJGGOQUU,369
156,1,1,94,18.8,406,81.2,EMGUFI4UI3CF7VIKSAVFU65RLA6FAPSVU6TM4IZUYOVXSVR7HSZJGGOQUU,371
157,1,1,94,18.8,406,81.2,EMGUFI4UI3CF7VIKSAVFU65RLA6FAPSVU6TM4IZUYOVXSVR7HSZJGGOQUU,373
158,0,0,94,18.8,406,81.2,BFQYPRLMZJUL724E3AW65DSRZRHY2YHNKTXUQKPDRPU5BYSGOE2VQ46LNU,375
159,1,1,94,18.8,406,81.2,EMGUFI4UI3CF7VIKSAVFU65RLA6FAPSVU6TM4IZUYOVXSVR7HSZJGGOQUU,377
160,1,1,94,18.8,406,81.2,EMGUFI4UI3CF7VIKSAVFU65RLA6FAPSVU6TM4IZUYOVXSVR7HSZJGGOQUU,379
161,0,0,94,18.8,406,81.2,BFQYPRLMZJUL724E3AW65DSRZRHY2YHNKTXUQKPDRPU5BYSGOE2VQ46LNU,381
162,0,0,94,18.8,406,81.2,BFQYPRLMZJUL724E3AW65DSRZRHY2YHNKTXUQKPDRPU5BYSGOE2VQ46LNU,383
163,0,0,94,18.8,406,81.2,BFQYPRLMZJUL724E3AW65DSRZRHY2YHNKTXUQKPDRPU5BYSGOE2VQ46LNU,385
164,1,1,94,18.8,406,81.2,EMGUFI4UI3CF7VIKSAVFU65RLA6FAPSVU6TM4IZUYOVXSVR7HSZJGGOQUU,387
165,1,1,94,18.8,406,81.2,BFQYPRLMZJUL724E3AW65DSRZRHY2YHNKTXUQKPDRPU5BYSGOE2VQ46LNU,389
166,1,1,94,18.8,406,81.2,EMGUFI4UI3CF7VIKSAVFU65RLA6FAPSVU6TM4IZUYOVXSVR7HSZJGGOQUU,391
167,1,1,94,18.8,406,81.2,EMGUFI4UI3CF7VIKSAVFU65RLA6FAPSVU6TM4IZUYOVXSVR7HSZJGGOQUU,393
168,1,1,94,18.8,406,81.2,EMGUFI4UI3CF7VIKSAVFU65RLA6FAPSVU6TM4IZUYOVXSVR7HSZJGGOQUU,395
169,1,1,94,18.8,406,81.2,EMGUFI4UI3CF7VIKSAVFU65RLA6FAPSVU6TM4IZUYOVXSVR7HSZJGGOQUU,397
170,1,1,94,18.8,406,81.2,EMGUFI4UI3CF7VIKSAVFU65RLA6FAPSVU6TM4IZUYOVXSVR7HSZJGGOQUU,399
171,1,1,94,18.8,406,81.2,EMGUFI4UI3CF7VIKSAVFU65RLA6FAPSVU6TM4IZUYOVXSVR7HSZJGGOQUU,401
172,0,0,94,18.8,406,81.2,BFQYPRLMZJUL724E3AW65DSRZRHY2YHNKTXUQKPDRPU5BYSGOE2VQ46LNU,403
173,0,0,94,18.8,406,81.2,BFQYPRLMZJUL724E3AW65DSRZRHY2YHNKTXUQKPDRPU5BYSGOE2VQ46LNU,405
174,0,0,94,18.8,406,81.2,BFQYPRLMZJUL724E3AW65DSRZRHY2YHNKTXUQKPDRPU5BYSGOE2VQ46LNU,407
175,1,1,94,18.8,406,81.2,EMGUFI4UI3CF7VIKSAVFU65RLA6FAPSVU6TM4IZUYOVXSVR7HSZJGGOQUU,409
176,0,0,94,18.8,406,81.2,BFQYPRLMZJUL724E3AW65DSRZRHY2YHNKTXUQKPDRPU5BYSGOE2VQ46LNU,411
177,1,1,94,18.8,406,81.2,EMGUFI4UI3CF7VIKSAVFU65RLA6FAPSVU6TM4IZUYOVXSVR7HSZJGGOQUU,413
178,1,1,94,18.8,406,81.2,EMGUFI4UI3CF7VIKSAVFU65RLA6FAPSVU6TM4IZUYOVXSVR7HSZJGGOQUU,415
179,1,1,94,18.8,406,81.2,EMGUFI4UI3CF7VIKSAVFU65RLA6FAPSVU6TM4IZUYOVXSVR7HSZJGGOQUU,417
180,1,1,94,18.8,406,81.2,EMGUFI4UI3CF7VIKSAVFU65RLA6FAPSVU6TM4IZUYOVXSVR7HSZJGGOQUU,419
181,1,1,94,18.8,406,81.2,BFQYPRLMZJUL724E3AW65DSRZRHY2YHNKTXUQKPDRPU5BYSGOE2VQ46LNU,421
182,1,1,94,18.8,406,81.2,EMGUFI4UI3CF7VIKSAVFU65RLA6FAPSVU6TM4IZUYOVXSVR7HSZJGGOQUU,423
183,1,1,94,18.8,406,81.2,BFQYPRLMZJUL724E3AW65DSRZRHY2YHNKTXUQKPDRPU5BYSGOE2VQ46LNU,425
184,0,0,94,18.8,406,81.2,BFQYPRLMZJUL724E3AW65DSRZRHY2YHNKTXUQKPDRPU5BYSGOE2VQ46LNU,427
185,1,1,94,18.8,406,81.2,EMGUFI4UI3CF7VIKSAVFU65RLA6FAPSVU6TM4IZUYOVXSVR7HSZJGGOQUU,429
186,1,1,94,18.8,406,81.2,EMGUFI4UI3CF7VIKSAVFU65RLA6FAPSVU6TM4IZUYOVXSVR7HSZJGGOQUU,431
187,1,1,94,18.8,406,81.2,EMGUFI4UI3CF7VIKSAVFU65RLA6FAPSVU6TM4IZUYOVXSVR7HSZJGGOQUU,433
188,0,0,94,18.8,406,81.2,BFQYPRLMZJUL724E3AW65DSRZRHY2YHNKTXUQKPDRPU5BYSGOE2VQ46LNU,435
189,1,1,94,18.8,406,81.2,EMGUFI4UI3CF7VIKSAVFU65RLA6FAPSVU6TM4IZUYOVXSVR7HSZJGGOQUU,437
190,1,1,94,18.8,406,81.2,EMGUFI4UI3CF7VIKSAVFU65RLA6FAPSVU6TM4IZUYOVXSVR7HSZJGGOQUU,439
191,1,1,94,18.8,406,81.2,EMGUFI4UI3CF7VIKSAVFU65RLA6FAPSVU6TM4IZUYOVXSVR7HSZJGGOQUU,441
192,0,0,94,18.8,406,81.2,BFQYPRLMZJUL724E3AW65DSRZRHY2YHNKTXUQKPDRPU5BYSGOE2VQ46LNU,443
193,1,1,94,18.8,406,81.2,EMGUFI4UI3CF7VIKSAVFU65RLA6FAPSVU6TM4IZUYOVXSVR7HSZJGGOQUU,445
194,1,1,94,18.8,406,81.2,EMGUFI4UI3CF7VIKSAVFU65RLA6FAPSVU6TM4IZUYOVXSVR7HSZJGGOQUU,447
195,1,1,94,18.8,406,81.2,EMGUFI4UI3CF7VIKSAVFU65RLA6FAPSVU6TM4IZUYOVXSVR7HSZJGGOQUU,449
196,0,0,94,18.8,406,81.2,BFQYPRLMZJUL724E3AW65DSRZRHY2YHNKTXUQKPDRPU5BYSGOE2VQ46LNU,451
197,1,1,94,18.8,406,81.2,EMGUFI4UI3CF7VIKSAVFU65RLA6FAPSVU6TM4IZUYOVXSVR7HSZJGGOQUU,453
198,1,1,94,18.8,406,81.2,EMGUFI4UI3CF7VIKSAVFU65RLA6FAPSVU6TM4IZUYOVXSVR7HSZJGGOQUU,455
199,1,1,94,18.8,406,81.2,EMGUFI4UI3CF7VIKSAVFU65RLA6FAPSVU6TM4IZUYOVXSVR7HSZJGGOQUU,457
200,1,1,94,18.8,406,81.2,EMGUFI4UI3CF7VIKSAVFU65RLA6FAPSVU6TM4IZUYOVXSVR7HSZJGGOQUU,459
201,1,1,94,18.8,406,81.2,EMGUFI4UI3CF7VIKSAVFU65RLA6FAPSVU6TM4IZUYOVXSVR7HSZJGGOQUU,461
202,1,1,94,18.8,406,81.2,EMGUFI4UI3CF7VIKSAVFU65RLA6FAPSVU6TM4IZUYOVXSVR7HSZJGGOQUU,463
203,1,1,94,18.8,406,81.2,EMGUFI4UI3CF7VIKSAVFU65RLA6FAPSVU6TM4IZUYOVXSVR7HSZJGGOQUU,465
204,1,1,94,18.8,406,81.2,EMGUFI4UI3CF7VIKSAVFU65RLA6FAPSVU6TM4IZUYOVXSVR7HSZJGGOQUU,467
205,1,1,94,18.8,406,81.2,EMGUFI4UI3CF7VIKSAVFU65RLA6FAPSVU6TM4IZUYOVXSVR7HSZJGGOQUU,469
206,1,1,94,18.8,406,81.2,EMGUFI4UI3CF7VIKSAVFU65RLA6FAPSVU6TM4IZUYOVXSVR7HSZJGGOQUU,471
207,1,1,94,18.8,406,81.2,EMGUFI4UI3CF7VIKSAVFU65RLA6FAPSVU6TM4IZUYOVXSVR7HSZJGGOQUU,473
208,1,1,94,18.8,406,81.2,EMGUFI4UI3CF7VIKSAVFU65RLA6FAPSVU6TM4IZUYOVXSVR7HSZJGGOQUU,475
209,1,1,94,18.8,406,81.2,EMGUFI4UI3CF7VIKSAVFU65RLA6FAPSVU6TM4IZUYOVXSVR7HSZJGGOQUU,477
210,1,1,94,18.8,406,81.2,EMGUFI4UI3CF7VIKSAVFU65RLA6FAPSVU6TM4IZUYOVXSVR7HSZJGGOQUU,479
211,1,1,94,18.8,406,81.2,EMGUFI4UI3CF7VIKSAVFU65RLA6FAPSVU6TM4IZUYOVXSVR7HSZJGGOQUU,481
212,1,1,94,18.8,406,81.2,EMGUFI4UI3CF7VIKSAVFU65RLA6FAPSVU6TM4IZUYOVXSVR7HSZJGGOQUU,483
213,1,1,94,18.8,406,81.2,EMGUFI4UI3CF7VIKSAVFU65RLA6FAPSVU6TM4IZUYOVXSVR7HSZJGGOQUU,485
214,0,0,94,18.8,406,81.2,BFQYPRLMZJUL724E3AW65DSRZRHY2YHNKTXUQKPDRPU5BYSGOE2VQ46LNU,487
215,1,1,94,18.8,406,81.2,EMGUFI4UI3CF7VIKSAVFU65RLA6FAPSVU6TM4IZUYOVXSVR7HSZJGGOQUU,489
216,1,1,94,18.8,406,81.2,EMGUFI4UI3CF7VIKSAVFU65RLA6FAPSVU6TM4IZUYOVXSVR7HSZJGGOQUU,491
217,1,1,94,18.8,406,81.2,EMGUFI4UI3CF7VIKSAVFU65RLA6FAPSVU6TM4IZUYOVXSVR7HSZJGGOQUU,493
218,1,1,94,18.8,406,81.2,EMGUFI4UI3CF7VIKSAVFU65RLA6FAPSVU6TM4IZUYOVXSVR7HSZJGGOQUU,495
219,1,1,94,18.8,406,81.2,EMGUFI4UI3CF7VIKSAVFU65RLA6FAPSVU6TM4IZUYOVXSVR7HSZJGGOQUU,497
220,1,1,94,18.8,406,81.2,EMGUFI4UI3CF7VIKSAVFU65RLA6FAPSVU6TM4IZUYOVXSVR7HSZJGGOQUU,499
221,1,1,94,18.8,406,81.2,EMGUFI4UI3CF7VIKSAVFU65RLA6FAPSVU6TM4IZUYOVXSVR7HSZJGGOQUU,501
222,1,1,94,18.8,406,81.2,EMGUFI4UI3CF7VIKSAVFU65RLA6FAPSVU6TM4IZUYOVXSVR7HSZJGGOQUU,503
223,1,1,94,18.8,406,81.2,EMGUFI4UI3CF7VIKSAVFU65RLA6FAPSVU6TM4IZUYOVXSVR7HSZJGGOQUU,505
224,0,0,94,18.8,406,81.2,BFQYPRLMZJUL724E3AW65DSRZRHY2YHNKTXUQKPDRPU5BYSGOE2VQ46LNU,507
225,1,1,94,18.8,406,81.2,EMGUFI4UI3CF7VIKSAVFU65RLA6FAPSVU6TM4IZUYOVXSVR7HSZJGGOQUU,509
226,1,1,94,18.8,406,81.2,EMGUFI4UI3CF7VIKSAVFU65RLA6FAPSVU6TM4IZUYOVXSVR7HSZJGGOQUU,511
227,1,1,94,18.8,406,81.2,EMGUFI4UI3CF7VIKSAVFU65RLA6FAPSVU6TM4IZUYOVXSVR7HSZJGGOQUU,513
228,1,1,94,18.8,406,81.2,EMGUFI4UI3CF7VIKSAVFU65RLA6FAPSVU6TM4IZUYOVXSVR7HSZJGGOQUU,515
229,0,0,94,18.8,406,81.2,BFQYPRLMZJUL724E3AW65DSRZRHY2YHNKTXUQKPDRPU5BYSGOE2VQ46LNU,517
230,1,1,94,18.8,406,81.2,EMGUFI4UI3CF7VIKSAVFU65RLA6FAPSVU6TM4IZUYOVXSVR7HSZJGGOQUU,519
231,1,1,94,18.8,406,81.2,EMGUFI4UI3CF7VIKSAVFU65RLA6FAPSVU6TM4IZUYOVXSVR7HSZJGGOQUU,521
232,0,0,94,18.8,406,81.2,BFQYPRLMZJUL724E3AW65DSRZRHY2YHNKTXUQKPDRPU5BYSGOE2VQ46LNU,523
233,1,1,94,18.8,406,81.2,EMGUFI4UI3CF7VIKSAVFU65RLA6FAPSVU6TM4IZUYOVXSVR7HSZJGGOQUU,525
234,1,1,94,18.8,406,81.2,EMGUFI4UI3CF7VIKSAVFU65RLA6FAPSVU6TM4IZUYOVXSVR7HSZJGGOQUU,527
235,1,1,94,18.8,406,81.2,BFQYPRLMZJUL724E3AW65DSRZRHY2YHNKTXUQKPDRPU5BYSGOE2VQ46LNU,529
236,1,1,94,18.8,406,81.2,EMGUFI4UI3CF7VIKSAVFU65RLA6FAPSVU6TM4IZUYOVXSVR7HSZJGGOQUU,531
237,1,1,94,18.8,406,81.2,EMGUFI4UI3CF7VIKSAVFU65RLA6FAPSVU6TM4IZUYOVXSVR7HSZJGGOQUU,533
238,1,1,94,18.8,406,81.2,EMGUFI4UI3CF7VIKSAVFU65RLA6FAPSVU6TM4IZUYOVXSVR7HSZJGGOQUU,535
239,1,1,94,18.8,406,81.2,EMGUFI4UI3CF7VIKSAVFU65RLA6FAPSVU6TM4IZUYOVXSVR7HSZJGGOQUU,537
240,1,1,94,18.8,406,81.2,EMGUFI4UI3CF7VIKSAVFU65RLA6FAPSVU6TM4IZUYOVXSVR7HSZJGGOQUU,539
241,1,1,94,18.8,406,81.2,BFQYPRLMZJUL724E3AW65DSRZRHY2YHNKTXUQKPDRPU5BYSGOE2VQ46LNU,541
242,0,0,94,18.8,406,81.2,BFQYPRLMZJUL724E3AW65DSRZRHY2YHNKTXUQKPDRPU5BYSGOE2VQ46LNU,543
243,1,1,94,18.8,406,81.2,EMGUFI4UI3CF7VIKSAVFU65RLA6FAPSVU6TM4IZUYOVXSVR7HSZJGGOQUU,545
244,1,1,94,18.8,406,81.2,EMGUFI4UI3CF7VIKSAVFU65RLA6FAPSVU6TM4IZUYOVXSVR7HSZJGGOQUU,547
245,1,1,94,18.8,406,81.2,EMGUFI4UI3CF7VIKSAVFU65RLA6FAPSVU6TM4IZUYOVXSVR7HSZJGGOQUU,549
246,1,1,94,18.8,406,81.2,EMGUFI4UI3CF7VIKSAVFU65RLA6FAPSVU6TM4IZUYOVXSVR7HSZJGGOQUU,551
247,1,1,94,18.8,406,81.2,EMGUFI4UI3CF7VIKSAVFU65RLA6FAPSVU6TM4IZUYOVXSVR7HSZJGGOQUU,553
248,1,1,94,18.8,406,81.2,EMGUFI4UI3CF7VIKSAVFU65RLA6FAPSVU6TM4IZUYOVXSVR7HSZJGGOQUU,555
249,1,1,94,18.8,406,81.2,EMGUFI4UI3CF7VIKSAVFU65RLA6FAPSVU6TM4IZUYOVXSVR7HSZJGGOQUU,557
250,1,1,94,18.8,406,81.2,EMGUFI4UI3CF7VIKSAVFU65RLA6FAPSVU6TM4IZUYOVXSVR7HSZJGGOQUU,559
251,1,1,94,18.8,406,81.2,EMGUFI4UI3CF7VIKSAVFU65RLA6FAPSVU6TM4IZUYOVXSVR7HSZJGGOQUU,561
252,0,0,94,18.8,406,81.2,BFQYPRLMZJUL724E3AW65DSRZRHY2YHNKTXUQKPDRPU5BYSGOE2VQ46LNU,563
253,1,1,94,18.8,406,81.2,EMGUFI4UI3CF7VIKSAVFU65RLA6FAPSVU6TM4IZUYOVXSVR7HSZJGGOQUU,565
254,1,1,94,18.8,406,81.2,EMGUFI4UI3CF7VIKSAVFU65RLA6FAPSVU6TM4IZUYOVXSVR7HSZJGGOQUU,567
255,1,1,94,18.8,406,81.2,EMGUFI4UI3CF7VIKSAVFU65RLA6FAPSVU6TM4IZUYOVXSVR7HSZJGGOQUU,569
256,1,1,94,18.8,406,81.2,EMGUFI4UI3CF7VIKSAVFU65RLA6FAPSVU6TM4IZUYOVXSVR7HSZJGGOQUU,571
257,1,1,94,18.8,406,81.2,EMGUFI4UI3CF7VIKSAVFU65RLA6FAPSVU6TM4IZUYOVXSVR7HSZJGGOQUU,573
258,1,1,94,18.8,406,81.2,EMGUFI4UI3CF7VIKSAVFU65RLA6FAPSVU6TM4IZUYOVXSVR7HSZJGGOQUU,575
259,1,1,94,18.8,406,81.2,EMGUFI4UI3CF7VIKSAVFU65RLA6FAPSVU6TM4IZUYOVXSVR7HSZJGGOQUU,577
260,1,1,94,18.8,406,81.2,EMGUFI4UI3CF7VIKSAVFU65RLA6FAPSVU6TM4IZUYOVXSVR7HSZJGGOQUU,579
261,1,1,94,18.8,406,81.2,EMGUFI4UI3CF7VIKSAVFU65RLA6FAPSVU6TM4IZUYOVXSVR7HSZJGGOQUU,581
262,1,1,94,18.8,406,81.2,EMGUFI4UI3CF7VIKSAVFU65RLA6FAPSVU6TM4IZUYOVXSVR7HSZJGGOQUU,583
263,1,1,94,18.8,406,81.2,EMGUFI4UI3CF7VIKSAVFU65RLA6FAPSVU6TM4IZUYOVXSVR7HSZJGGOQUU,585
264,1,1,94,18.8,406,81.2,EMGUFI4UI3CF7VIKSAVFU65RLA6FAPSVU6TM4IZUYOVXSVR7HSZJGGOQUU,587
265,1,1,94,18.8,406,81.2,EMGUFI4UI3CF7VIKSAVFU65RLA6FAPSVU6TM4IZUYOVXSVR7HSZJGGOQUU,589
266,1,1,94,18.8,406,81.2,EMGUFI4UI3CF7VIKSAVFU65RLA6FAPSVU6TM4IZUYOVXSVR7HSZJGGOQUU,591
267,1,1,94,18.8,406,81.2,EMGUFI4UI3CF7VIKSAVFU65RLA6FAPSVU6TM4IZUYOVXSVR7HSZJGGOQUU,593
268,1,1,94,18.8,406,81.2,EMGUFI4UI3CF7VIKSAVFU65RLA6FAPSVU6TM4IZUYOVXSVR7HSZJGGOQUU,595
269,1,1,94,18.8,406,81.2,EMGUFI4UI3CF7VIKSAVFU65RLA6FAPSVU6TM4IZUYOVXSVR7HSZJGGOQUU,597
270,1,1,94,18.8,406,81.2,EMGUFI4UI3CF7VIKSAVFU65RLA6FAPSVU6TM4IZUYOVXSVR7HSZJGGOQUU,599
271,1,1,94,18.8,406,81.2,EMGUFI4UI3CF7VIKSAVFU65RLA6FAPSVU6TM4IZUYOVXSVR7HSZJGGOQUU,601
272,1,1,94,18.8,406,81.2,EMGUFI4UI3CF7VIKSAVFU65RLA6FAPSVU6TM4IZUYOVXSVR7HSZJGGOQUU,603
273,1,1,94,18.8,406,81.2,EMGUFI4UI3CF7VIKSAVFU65RLA6FAPSVU6TM4IZUYOVXSVR7HSZJGGOQUU,605
274,1,1,94,18.8,406,81.2,EMGUFI4UI3CF7VIKSAVFU65RLA6FAPSVU6TM4IZUYOVXSVR7HSZJGGOQUU,607
275,1,1,94,18.8,406,81.2,BFQYPRLMZJUL724E3AW65DSRZRHY2YHNKTXUQKPDRPU5BYSGOE2VQ46LNU,609
276,0,0,94,18.8,406,81.2,BFQYPRLMZJUL724E3AW65DSRZRHY2YHNKTXUQKPDRPU5BYSGOE2VQ46LNU,611
277,1,1,94,18.8,406,81.2,EMGUFI4UI3CF7VIKSAVFU65RLA6FAPSVU6TM4IZUYOVXSVR7HSZJGGOQUU,613
278,1,1,94,18.8,406,81.2,EMGUFI4UI3CF7VIKSAVFU65RLA6FAPSVU6TM4IZUYOVXSVR7HSZJGGOQUU,615
279,0,0,94,18.8,406,81.2,BFQYPRLMZJUL724E3AW65DSRZRHY2YHNKTXUQKPDRPU5BYSGOE2VQ46LNU,617
280,0,0,94,18.8,406,81.2,BFQYPRLMZJUL724E3AW65DSRZRHY2YHNKTXUQKPDRPU5BYSGOE2VQ46LNU,619
281,1,1,94,18.8,406,81.2,EMGUFI4UI3CF7VIKSAVFU65RLA6FAPSVU6TM4IZUYOVXSVR7HSZJGGOQUU,621
282,1,1,94,18.8,406,81.2,EMGUFI4UI3CF7VIKSAVFU65RLA6FAPSVU6TM4IZUYOVXSVR7HSZJGGOQUU,623
283,1,1,94,18.8,406,81.2,BFQYPRLMZJUL724E3AW65DSRZRHY2YHNKTXUQKPDRPU5BYSGOE2VQ46LNU,625
284,0,0,94,18.8,406,81.2,BFQYPRLMZJUL724E3AW65DSRZRHY2YHNKTXUQKPDRPU5BYSGOE2VQ46LNU,627
285,1,1,94,18.8,406,81.2,EMGUFI4UI3CF7VIKSAVFU65RLA6FAPSVU6TM4IZUYOVXSVR7HSZJGGOQUU,629
286,1,1,94,18.8,406,81.2,EMGUFI4UI3CF7VIKSAVFU65RLA6FAPSVU6TM4IZUYOVXSVR7HSZJGGOQUU,631
287,1,1,94,18.8,406,81.2,EMGUFI4UI3CF7VIKSAVFU65RLA6FAPSVU6TM4IZUYOVXSVR7HSZJGGOQUU,633
288,0,0,94,18.8,406,81.2,BFQYPRLMZJUL724E3AW65DSRZRHY2YHNKTXUQKPDRPU5BYSGOE2VQ46LNU,635
289,1,1,94,18.8,406,81.2,EMGUFI4UI3CF7VIKSAVFU65RLA6FAPSVU6TM4IZUYOVXSVR7HSZJGGOQUU,637
290,1,1,94,18.8,406,81.2,EMGUFI4UI3CF7VIKSAVFU65RLA6FAPSVU6TM4IZUYOVXSVR7HSZJGGOQUU,639
291,1,1,94,18.8,406,81.2,EMGUFI4UI3CF7VIKSAVFU65RLA6FAPSVU6TM4IZUYOVXSVR7HSZJGGOQUU,641
292,1,1,94,18.8,406,81.2,EMGUFI4UI3CF7VIKSAVFU65RLA6FAPSVU6TM4IZUYOVXSVR7HSZJGGOQUU,643
293,1,1,94,18.8,406,81.2,EMGUFI4UI3CF7VIKSAVFU65RLA6FAPSVU6TM4IZUYOVXSVR7HSZJGGOQUU,645
294,1,1,94,18.8,406,81.2,EMGUFI4UI3CF7VIKSAVFU65RLA6FAPSVU6TM4IZUYOVXSVR7HSZJGGOQUU,647
295,1,1,94,18.8,406,81.2,EMGUFI4UI3CF7VIKSAVFU65RLA6FAPSVU6TM4IZUYOVXSVR7HSZJGGOQUU,649
296,0,0,94,18.8,406,81.2,BFQYPRLMZJUL724E3AW65DSRZRHY2YHNKTXUQKPDRPU5BYSGOE2VQ46LNU,651
297,1,1,94,18.8,406,81.2,EMGUFI4UI3CF7VIKSAVFU65RLA6FAPSVU6TM4IZUYOVXSVR7HSZJGGOQUU,653
298,0,0,94,18.8,406,81.2,BFQYPRLMZJUL724E3AW65DSRZRHY2YHNKTXUQKPDRPU5BYSGOE2VQ46LNU,655
299,1,1,94,18.8,406,81.2,EMGUFI4UI3CF7VIKSAVFU65RLA6FAPSVU6TM4IZUYOVXSVR7HSZJGGOQUU,657
300,1,1,94,18.8,406,81.2,BFQYPRLMZJUL724E3AW65DSRZRHY2YHNKTXUQKPDRPU5BYSGOE2VQ46LNU,659
301,0,0,94,18.8,406,81.2,BFQYPRLMZJUL724E3AW65DSRZRHY2YHNKTXUQKPDRPU5BYSGOE2VQ46LNU,661
302,0,0,94,18.8,406,81.2,BFQYPRLMZJUL724E3AW65DSRZRHY2YHNKTXUQKPDRPU5BYSGOE2VQ46LNU,663
303,1,1,94,18.8,406,81.2,EMGUFI4UI3CF7VIKSAVFU65RLA6FAPSVU6TM4IZUYOVXSVR7HSZJGGOQUU,665
304,1,1,94,18.8,406,81.2,EMGUFI4UI3CF7VIKSAVFU65RLA6FAPSVU6TM4IZUYOVXSVR7HSZJGGOQUU,667
305,1,1,94,18.8,406,81.2,EMGUFI4UI3CF7VIKSAVFU65RLA6FAPSVU6TM4IZUYOVXSVR7HSZJGGOQUU,669
306,0,0,94,18.8,406,81.2,BFQYPRLMZJUL724E3AW65DSRZRHY2YHNKTXUQKPDRPU5BYSGOE2VQ46LNU,671
307,1,1,94,18.8,406,81.2,EMGUFI4UI3CF7VIKSAVFU65RLA6FAPSVU6TM4IZUYOVXSVR7HSZJGGOQUU,673
308,1,1,94,18.8,406,81.2,EMGUFI4UI3CF7VIKSAVFU65RLA6FAPSVU6TM4IZUYOVXSVR7HSZJGGOQUU,675
309,1,1,94,18.8,406,81.2,EMGUFI4UI3CF7VIKSAVFU65RLA6FAPSVU6TM4IZUYOVXSVR7HSZJGGOQUU,677
310,1,1,94,18.8,406,81.2,EMGUFI4UI3CF7VIKSAVFU65RLA6FAPSVU6TM4IZUYOVXSVR7HSZJGGOQUU,679
311,1,1,94,18.8,406,81.2,EMGUFI4UI3CF7VIKSAVFU65RLA6FAPSVU6TM4IZUYOVXSVR7HSZJGGOQUU,681
312,1,1,94,18.8,406,81.2,BFQYPRLMZJUL724E3AW65DSRZRHY2YHNKTXUQKPDRPU5BYSGOE2VQ46LNU,683
313,1,1,94,18.8,406,81.2,EMGUFI4UI3CF7VIKSAVFU65RLA6FAPSVU6TM4IZUYOVXSVR7HSZJGGOQUU,685
314,1,1,94,18.8,406,81.2,EMGUFI4UI3CF7VIKSAVFU65RLA6FAPSVU6TM4IZUYOVXSVR7HSZJGGOQUU,687
315,1,1,94,18.8,406,81.2,EMGUFI4UI3CF7VIKSAVFU65RLA6FAPSVU6TM4IZUYOVXSVR7HSZJGGOQUU,689
316,1,1,94,18.8,406,81.2,EMGUFI4UI3CF7VIKSAVFU65RLA6FAPSVU6TM4IZUYOVXSVR7HSZJGGOQUU,691
317,1,1,94,18.8,406,81.2,EMGUFI4UI3CF7VIKSAVFU65RLA6FAPSVU6TM4IZUYOVXSVR7HSZJGGOQUU,693
318,0,0,94,18.8,406,81.2,BFQYPRLMZJUL724E3AW65DSRZRHY2YHNKTXUQKPDRPU5BYSGOE2VQ46LNU,695
319,0,0,94,18.8,406,81.2,BFQYPRLMZJUL724E3AW65DSRZRHY2YHNKTXUQKPDRPU5BYSGOE2VQ46LNU,697
320,1,1,94,18.8,406,81.2,EMGUFI4UI3CF7VIKSAVFU65RLA6FAPSVU6TM4IZUYOVXSVR7HSZJGGOQUU,699
321,1,1,94,18.8,406,81.2,EMGUFI4UI3CF7VIKSAVFU65RLA6FAPSVU6TM4IZUYOVXSVR7HSZJGGOQUU,701
322,1,1,94,18.8,406,81.2,EMGUFI4UI3CF7VIKSAVFU65RLA6FAPSVU6TM4IZUYOVXSVR7HSZJGGOQUU,703
323,1,1,94,18.8,406,81.2,EMGUFI4UI3CF7VIKSAVFU65RLA6FAPSVU6TM4IZUYOVXSVR7HSZJGGOQUU,705
324,1,1,94,18.8,406,81.2,EMGUFI4UI3CF7VIKSAVFU65RLA6FAPSVU6TM4IZUYOVXSVR7HSZJGGOQUU,707
325,0,0,94,18.8,406,81.2,BFQYPRLMZJUL724E3AW65DSRZRHY2YHNKTXUQKPDRPU5BYSGOE2VQ46LNU,709
326,1,1,94,18.8,406,81.2,EMGUFI4UI3CF7VIKSAVFU65RLA6FAPSVU6TM4IZUYOVXSVR7HSZJGGOQUU,711
327,1,1,94,18.8,406,81.2,EMGUFI4UI3CF7VIKSAVFU65RLA6FAPSVU6TM4IZUYOVXSVR7HSZJGGOQUU,713
328,1,1,94,18.8,406,81.2,EMGUFI4UI3CF7VIKSAVFU65RLA6FAPSVU6TM4IZUYOVXSVR7HSZJGGOQUU,715
329,1,1,94,18.8,406,81.2,EMGUFI4UI3CF7VIKSAVFU65RLA6FAPSVU6TM4IZUYOVXSVR7HSZJGGOQUU,717
330,1,1,94,18.8,406,81.2,EMGUFI4UI3CF7VIKSAVFU65RLA6FAPSVU6TM4IZUYOVXSVR7HSZJGGOQUU,719
331,0,0,94,18.8,406,81.2,BFQYPRLMZJUL724E3AW65DSRZRHY2YHNKTXUQKPDRPU5BYSGOE2VQ46LNU,721
332,1,1,94,18.8,406,81.2,EMGUFI4UI3CF7VIKSAVFU65RLA6FAPSVU6TM4IZUYOVXSVR7HSZJGGOQUU,723
333,1,1,94,18.8,406,81.2,EMGUFI4UI3CF7VIKSAVFU65RLA6FAPSVU6TM4IZUYOVXSVR7HSZJGGOQUU,725
334,1,1,94,18.8,406,81.2,BFQYPRLMZJUL724E3AW65DSRZRHY2YHNKTXUQKPDRPU5BYSGOE2VQ46LNU,727
335,1,1,94,18.8,406,81.2,EMGUFI4UI3CF7VIKSAVFU65RLA6FAPSVU6TM4IZUYOVXSVR7HSZJGGOQUU,729
336,1,1,94,18.8,406,81.2,EMGUFI4UI3CF7VIKSAVFU65RLA6FAPSVU6TM4IZUYOVXSVR7HSZJGGOQUU,731
337,1,1,94,18.8,406,81.2,EMGUFI4UI3CF7VIKSAVFU65RLA6FAPSVU6TM4IZUYOVXSVR7HSZJGGOQUU,733
338,1,1,94,18.8,406,81.2,BFQYPRLMZJUL724E3AW65DSRZRHY2YHNKTXUQKPDRPU5BYSGOE2VQ46LNU,735
339,0,0,94,18.8,406,81.2,BFQYPRLMZJUL724E3AW65DSRZRHY2YHNKTXUQKPDRPU5BYSGOE2VQ46LNU,737
340,1,1,94,18.8,406,81.2,EMGUFI4UI3CF7VIKSAVFU65RLA6FAPSVU6TM4IZUYOVXSVR7HSZJGGOQUU,739
341,1,1,94,18.8,406,81.2,EMGUFI4UI3CF7VIKSAVFU65RLA6FAPSVU6TM4IZUYOVXSVR7HSZJGGOQUU,741
342,1,1,94,18.8,406,81.2,EMGUFI4UI3CF7VIKSAVFU65RLA6FAPSVU6TM4IZUYOVXSVR7HSZJGGOQUU,743
343,1,1,94,18.8,406,81.2,EMGUFI4UI3CF7VIKSAVFU65RLA6FAPSVU6TM4IZUYOVXSVR7HSZJGGOQUU,745
344,1,1,94,18.8,406,81.2,EMGUFI4UI3CF7VIKSAVFU65RLA6FAPSVU6TM4IZUYOVXSVR7HSZJGGOQUU,747
345,1,1,94,18.8,406,81.2,EMGUFI4UI3CF7VIKSAVFU65RLA6FAPSVU6TM4IZUYOVXSVR7HSZJGGOQUU,749
346,1,1,94,18.8,406,81.2,EMGUFI4UI3CF7VIKSAVFU65RLA6FAPSVU6TM4IZUYOVXSVR7HSZJGGOQUU,751
347,0,0,94,18.8,406,81.2,BFQYPRLMZJUL724E3AW65DSRZRHY2YHNKTXUQKPDRPU5BYSGOE2VQ46LNU,753
348,1,1,94,18.8,406,81.2,EMGUFI4UI3CF7VIKSAVFU65RLA6FAPSVU6TM4IZUYOVXSVR7HSZJGGOQUU,755
349,1,1,94,18.8,406,81.2,EMGUFI4UI3CF7VIKSAVFU65RLA6FAPSVU6TM4IZUYOVXSVR7HSZJGGOQUU,757
350,1,1,94,18.8,406,81.2,EMGUFI4UI3CF7VIKSAVFU65RLA6FAPSVU6TM4IZUYOVXSVR7HSZJGGOQUU,759
351,1,1,94,18.8,406,81.2,EMGUFI4UI3CF7VIKSAVFU65RLA6FAPSVU6TM4IZUYOVXSVR7HSZJGGOQUU,761
352,1,1,94,18.8,406,81.2,EMGUFI4UI3CF7VIKSAVFU65RLA6FAPSVU6TM4IZUYOVXSVR7HSZJGGOQUU,763
353,1,1,94,18.8,406,81.2,EMGUFI4UI3CF7VIKSAVFU65RLA6FAPSVU6TM4IZUYOVXSVR7HSZJGGOQUU,765
354,1,1,94,18.8,406,81.2,EMGUFI4UI3CF7VIKSAVFU65RLA6FAPSVU6TM4IZUYOVXSVR7HSZJGGOQUU,767
355,1,1,94,18.8,406,81.2,EMGUFI4UI3CF7VIKSAVFU65RLA6FAPSVU6TM4IZUYOVXSVR7HSZJGGOQUU,769
356,1,1,94,18.8,406,81.2,EMGUFI4UI3CF7VIKSAVFU65RLA6FAPSVU6TM4IZUYOVXSVR7HSZJGGOQUU,771
357,1,1,94,18.8,406,81.2,EMGUFI4UI3CF7VIKSAVFU65RLA6FAPSVU6TM4IZUYOVXSVR7HSZJGGOQUU,773
358,0,0,94,18.8,406,81.2,BFQYPRLMZJUL724E3AW65DSRZRHY2YHNKTXUQKPDRPU5BYSGOE2VQ46LNU,775
359,1,1,94,18.8,406,81.2,EMGUFI4UI3CF7VIKSAVFU65RLA6FAPSVU6TM4IZUYOVXSVR7HSZJGGOQUU,777
360,1,1,94,18.8,406,81.2,EMGUFI4UI3CF7VIKSAVFU65RLA6FAPSVU6TM4IZUYOVXSVR7HSZJGGOQUU,779
361,1,1,94,18.8,406,81.2,EMGUFI4UI3CF7VIKSAVFU65RLA6FAPSVU6TM4IZUYOVXSVR7HSZJGGOQUU,781
362,1,1,94,18.8,406,81.2,EMGUFI4UI3CF7VIKSAVFU65RLA6FAPSVU6TM4IZUYOVXSVR7HSZJGGOQUU,783
363,1,1,94,18.8,406,81.2,EMGUFI4UI3CF7VIKSAVFU65RLA6FAPSVU6TM4IZUYOVXSVR7HSZJGGOQUU,785
364,1,1,94,18.8,406,81.2,BFQYPRLMZJUL724E3AW65DSRZRHY2YHNKTXUQKPDRPU5BYSGOE2VQ46LNU,787
365,1,1,94,18.8,406,81.2,EMGUFI4UI3CF7VIKSAVFU65RLA6FAPSVU6TM4IZUYOVXSVR7HSZJGGOQUU,789
366,1,1,94,18.8,406,81.2,EMGUFI4UI3CF7VIKSAVFU65RLA6FAPSVU6TM4IZUYOVXSVR7HSZJGGOQUU,791
367,1,1,94,18.8,406,81.2,EMGUFI4UI3CF7VIKSAVFU65RLA6FAPSVU6TM4IZUYOVXSVR7HSZJGGOQUU,793
368,1,1,94,18.8,406,81.2,BFQYPRLMZJUL724E3AW65DSRZRHY2YHNKTXUQKPDRPU5BYSGOE2VQ46LNU,795
369,1,1,94,18.8,406,81.2,EMGUFI4UI3CF7VIKSAVFU65RLA6FAPSVU6TM4IZUYOVXSVR7HSZJGGOQUU,797
370,1,1,94,18.8,406,81.2,EMGUFI4UI3CF7VIKSAVFU65RLA6FAPSVU6TM4IZUYOVXSVR7HSZJGGOQUU,799
371,1,1,94,18.8,406,81.2,EMGUFI4UI3CF7VIKSAVFU65RLA6FAPSVU6TM4IZUYOVXSVR7HSZJGGOQUU,801
372,0,0,94,18.8,406,81.2,BFQYPRLMZJUL724E3AW65DSRZRHY2YHNKTXUQKPDRPU5BYSGOE2VQ46LNU,803
373,1,1,94,18.8,406,81.2,EMGUFI4UI3CF7VIKSAVFU65RLA6FAPSVU6TM4IZUYOVXSVR7HSZJGGOQUU,805
374,1,1,94,18.8,406,81.2,EMGUFI4UI3CF7VIKSAVFU65RLA6FAPSVU6TM4IZUYOVXSVR7HSZJGGOQUU,807
375,1,1,94,18.8,406,81.2,BFQYPRLMZJUL724E3AW65DSRZRHY2YHNKTXUQKPDRPU5BYSGOE2VQ46LNU,809
376,1,1,94,18.8,406,81.2,EMGUFI4UI3CF7VIKSAVFU65RLA6FAPSVU6TM4IZUYOVXSVR7HSZJGGOQUU,811
377,0,0,94,18.8,406,81.2,BFQYPRLMZJUL724E3AW65DSRZRHY2YHNKTXUQKPDRPU5BYSGOE2VQ46LNU,813
378,1,1,94,18.8,406,81.2,EMGUFI4UI3CF7VIKSAVFU65RLA6FAPSVU6TM4IZUYOVXSVR7HSZJGGOQUU,815
379,1,1,94,18.8,406,81.2,EMGUFI4UI3CF7VIKSAVFU65RLA6FAPSVU6TM4IZUYOVXSVR7HSZJGGOQUU,817
380,1,1,94,18.8,406,81.2,BFQYPRLMZJUL724E3AW65DSRZRHY2YHNKTXUQKPDRPU5BYSGOE2VQ46LNU,819
381,0,0,94,18.8,406,81.2,BFQYPRLMZJUL724E3AW65DSRZRHY2YHNKTXUQKPDRPU5BYSGOE2VQ46LNU,821
382,1,1,94,18.8,406,81.2,EMGUFI4UI3CF7VIKSAVFU65RLA6FAPSVU6TM4IZUYOVXSVR7HSZJGGOQUU,823
383,1,1,94,18.8,406,81.2,EMGUFI4UI3CF7VIKSAVFU65RLA6FAPSVU6TM4IZUYOVXSVR7HSZJGGOQUU,825
384,1,1,94,18.8,406,81.2,EMGUFI4UI3CF7VIKSAVFU65RLA6FAPSVU6TM4IZUYOVXSVR7HSZJGGOQUU,827
385,1,1,94,18.8,406,81.2,EMGUFI4UI3CF7VIKSAVFU65RLA6FAPSVU6TM4IZUYOVXSVR7HSZJGGOQUU,829
386,1,1,94,18.8,406,81.2,EMGUFI4UI3CF7VIKSAVFU65RLA6FAPSVU6TM4IZUYOVXSVR7HSZJGGOQUU,831
387,1,1,94,18.8,406,81.2,EMGUFI4UI3CF7VIKSAVFU65RLA6FAPSVU6TM4IZUYOVXSVR7HSZJGGOQUU,833
388,1,1,94,18.8,406,81.2,EMGUFI4UI3CF7VIKSAVFU65RLA6FAPSVU6TM4IZUYOVXSVR7HSZJGGOQUU,835
389,1,1,94,18.8,406,81.2,EMGUFI4UI3CF7VIKSAVFU65RLA6FAPSVU6TM4IZUYOVXSVR7HSZJGGOQUU,837
390,1,1,94,18.8,406,81.2,EMGUFI4UI3CF7VIKSAVFU65RLA6FAPSVU6TM4IZUYOVXSVR7HSZJGGOQUU,839
391,1,1,94,18.8,406,81.2,EMGUFI4UI3CF7VIKSAVFU65RLA6FAPSVU6TM4IZUYOVXSVR7HSZJGGOQUU,841
392,1,1,94,18.8,406,81.2,EMGUFI4UI3CF7VIKSAVFU65RLA6FAPSVU6TM4IZUYOVXSVR7HSZJGGOQUU,843
393,1,1,94,18.8,406,81.2,EMGUFI4UI3CF7VIKSAVFU65RLA6FAPSVU6TM4IZUYOVXSVR7HSZJGGOQUU,845
394,1,1,94,18.8,406,81.2,EMGUFI4UI3CF7VIKSAVFU65RLA6FAPSVU6TM4IZUYOVXSVR7HSZJGGOQUU,847
395,1,1,94,18.8,406,81.2,EMGUFI4UI3CF7VIKSAVFU65RLA6FAPSVU6TM4IZUYOVXSVR7HSZJGGOQUU,849
396,0,0,94,18.8,406,81.2,BFQYPRLMZJUL724E3AW65DSRZRHY2YHNKTXUQKPDRPU5BYSGOE2VQ46LNU,851
397,0,0,94,18.8,406,81.2,BFQYPRLMZJUL724E3AW65DSRZRHY2YHNKTXUQKPDRPU5BYSGOE2VQ46LNU,853
398,1,1,94,18.8,406,81.2,EMGUFI4UI3CF7VIKSAVFU65RLA6FAPSVU6TM4IZUYOVXSVR7HSZJGGOQUU,855
399,1,1,94,18.8,406,81.2,EMGUFI4UI3CF7VIKSAVFU65RLA6FAPSVU6TM4IZUYOVXSVR7HSZJGGOQUU,857
400,1,1,94,18.8,406,81.2,EMGUFI4UI3CF7VIKSAVFU65RLA6FAPSVU6TM4IZUYOVXSVR7HSZJGGOQUU,859
401,1,1,94,18.8,406,81.2,EMGUFI4UI3CF7VIKSAVFU65RLA6FAPSVU6TM4IZUYOVXSVR7HSZJGGOQUU,861
402,0,0,94,18.8,406,81.2,BFQYPRLMZJUL724E3AW65DSRZRHY2YHNKTXUQKPDRPU5BYSGOE2VQ46LNU,863
403,1,1,94,18.8,406,81.2,EMGUFI4UI3CF7VIKSAVFU65RLA6FAPSVU6TM4IZUYOVXSVR7HSZJGGOQUU,865
404,1,1,94,18.8,406,81.2,EMGUFI4UI3CF7VIKSAVFU65RLA6FAPSVU6TM4IZUYOVXSVR7HSZJGGOQUU,867
405,1,1,94,18.8,406,81.2,EMGUFI4UI3CF7VIKSAVFU65RLA6FAPSVU6TM4IZUYOVXSVR7HSZJGGOQUU,869
406,1,1,94,18.8,406,81.2,EMGUFI4UI3CF7VIKSAVFU65RLA6FAPSVU6TM4IZUYOVXSVR7HSZJGGOQUU,871
407,0,0,94,18.8,406,81.2,BFQYPRLMZJUL724E3AW65DSRZRHY2YHNKTXUQKPDRPU5BYSGOE2VQ46LNU,873
408,1,1,94,18.8,406,81.2,EMGUFI4UI3CF7VIKSAVFU65RLA6FAPSVU6TM4IZUYOVXSVR7HSZJGGOQUU,875
409,1,1,94,18.8,406,81.2,EMGUFI4UI3CF7VIKSAVFU65RLA6FAPSVU6TM4IZUYOVXSVR7HSZJGGOQUU,877
410,1,1,94,18.8,406,81.2,EMGUFI4UI3CF7VIKSAVFU65RLA6FAPSVU6TM4IZUYOVXSVR7HSZJGGOQUU,879
411,1,1,94,18.8,406,81.2,EMGUFI4UI3CF7VIKSAVFU65RLA6FAPSVU6TM4IZUYOVXSVR7HSZJGGOQUU,881
412,0,0,94,18.8,406,81.2,BFQYPRLMZJUL724E3AW65DSRZRHY2YHNKTXUQKPDRPU5BYSGOE2VQ46LNU,883
413,1,1,94,18.8,406,81.2,EMGUFI4UI3CF7VIKSAVFU65RLA6FAPSVU6TM4IZUYOVXSVR7HSZJGGOQUU,885
414,1,1,94,18.8,406,81.2,EMGUFI4UI3CF7VIKSAVFU65RLA6FAPSVU6TM4IZUYOVXSVR7HSZJGGOQUU,887
415,1,1,94,18.8,406,81.2,EMGUFI4UI3CF7VIKSAVFU65RLA6FAPSVU6TM4IZUYOVXSVR7HSZJGGOQUU,889
416,1,1,94,18.8,406,81.2,EMGUFI4UI3CF7VIKSAVFU65RLA6FAPSVU6TM4IZUYOVXSVR7HSZJGGOQUU,891
417,0,0,94,18.8,406,81.2,BFQYPRLMZJUL724E3AW65DSRZRHY2YHNKTXUQKPDRPU5BYSGOE2VQ46LNU,893
418,1,1,94,18.8,406,81.2,EMGUFI4UI3CF7VIKSAVFU65RLA6FAPSVU6TM4IZUYOVXSVR7HSZJGGOQUU,895
419,1,1,94,18.8,406,81.2,EMGUFI4UI3CF7VIKSAVFU65RLA6FAPSVU6TM4IZUYOVXSVR7HSZJGGOQUU,897
420,0,0,94,18.8,406,81.2,BFQYPRLMZJUL724E3AW65DSRZRHY2YHNKTXUQKPDRPU5BYSGOE2VQ46LNU,899
421,1,1,94,18.8,406,81.2,EMGUFI4UI3CF7VIKSAVFU65RLA6FAPSVU6TM4IZUYOVXSVR7HSZJGGOQUU,901
422,1,1,94,18.8,406,81.2,EMGUFI4UI3CF7VIKSAVFU65RLA6FAPSVU6TM4IZUYOVXSVR7HSZJGGOQUU,903
423,1,1,94,18.8,406,81.2,EMGUFI4UI3CF7VIKSAVFU65RLA6FAPSVU6TM4IZUYOVXSVR7HSZJGGOQUU,905
424,0,0,94,18.8,406,81.2,BFQYPRLMZJUL724E3AW65DSRZRHY2YHNKTXUQKPDRPU5BYSGOE2VQ46LNU,907
425,1,1,94,18.8,406,81.2,EMGUFI4UI3CF7VIKSAVFU65RLA6FAPSVU6TM4IZUYOVXSVR7HSZJGGOQUU,909
426,1,1,94,18.8,406,81.2,EMGUFI4UI3CF7VIKSAVFU65RLA6FAPSVU6TM4IZUYOVXSVR7HSZJGGOQUU,911
427,1,1,94,18.8,406,81.2,EMGUFI4UI3CF7VIKSAVFU65RLA6FAPSVU6TM4IZUYOVXSVR7HSZJGGOQUU,913
428,1,1,94,18.8,406,81.2,EMGUFI4UI3CF7VIKSAVFU65RLA6FAPSVU6TM4IZUYOVXSVR7HSZJGGOQUU,915
429,0,0,94,18.8,406,81.2,BFQYPRLMZJUL724E3AW65DSRZRHY2YHNKTXUQKPDRPU5BYSGOE2VQ46LNU,917
430,0,0,94,18.8,406,81.2,BFQYPRLMZJUL724E3AW65DSRZRHY2YHNKTXUQKPDRPU5BYSGOE2VQ46LNU,919
431,1,1,94,18.8,406,81.2,EMGUFI4UI3CF7VIKSAVFU65RLA6FAPSVU6TM4IZUYOVXSVR7HSZJGGOQUU,921
432,1,1,94,18.8,406,81.2,EMGUFI4UI3CF7VIKSAVFU65RLA6FAPSVU6TM4IZUYOVXSVR7HSZJGGOQUU,923
433,0,0,94,18.8,406,81.2,BFQYPRLMZJUL724E3AW65DSRZRHY2YHNKTXUQKPDRPU5BYSGOE2VQ46LNU,925
434,1,1,94,18.8,406,81.2,EMGUFI4UI3CF7VIKSAVFU65RLA6FAPSVU6TM4IZUYOVXSVR7HSZJGGOQUU,927
435,1,1,94,18.8,406,81.2,EMGUFI4UI3CF7VIKSAVFU65RLA6FAPSVU6TM4IZUYOVXSVR7HSZJGGOQUU,929
436,0,0,94,18.8,406,81.2,BFQYPRLMZJUL724E3AW65DSRZRHY2YHNKTXUQKPDRPU5BYSGOE2VQ46LNU,931
437,1,1,94,18.8,406,81.2,BFQYPRLMZJUL724E3AW65DSRZRHY2YHNKTXUQKPDRPU5BYSGOE2VQ46LNU,933
438,1,1,94,18.8,406,81.2,EMGUFI4UI3CF7VIKSAVFU65RLA6FAPSVU6TM4IZUYOVXSVR7HSZJGGOQUU,935
439,1,1,94,18.8,406,81.2,EMGUFI4UI3CF7VIKSAVFU65RLA6FAPSVU6TM4IZUYOVXSVR7HSZJGGOQUU,937
440,1,1,94,18.8,406,81.2,EMGUFI4UI3CF7VIKSAVFU65RLA6FAPSVU6TM4IZUYOVXSVR7HSZJGGOQUU,939
441,1,1,94,18.8,406,81.2,EMGUFI4UI3CF7VIKSAVFU65RLA6FAPSVU6TM4IZUYOVXSVR7HSZJGGOQUU,941
442,1,1,94,18.8,406,81.2,EMGUFI4UI3CF7VIKSAVFU65RLA6FAPSVU6TM4IZUYOVXSVR7HSZJGGOQUU,943
443,1,1,94,18.8,406,81.2,EMGUFI4UI3CF7VIKSAVFU65RLA6FAPSVU6TM4IZUYOVXSVR7HSZJGGOQUU,945
444,1,1,94,18.8,406,81.2,EMGUFI4UI3CF7VIKSAVFU65RLA6FAPSVU6TM4IZUYOVXSVR7HSZJGGOQUU,947
445,1,1,94,18.8,406,81.2,EMGUFI4UI3CF7VIKSAVFU65RLA6FAPSVU6TM4IZUYOVXSVR7HSZJGGOQUU,949
446,1,1,94,18.8,406,81.2,EMGUFI4UI3CF7VIKSAVFU65RLA6FAPSVU6TM4IZUYOVXSVR7HSZJGGOQUU,951
447,1,1,94,18.8,406,81.2,BFQYPRLMZJUL724E3AW65DSRZRHY2YHNKTXUQKPDRPU5BYSGOE2VQ46LNU,953
448,0,0,94,18.8,406,81.2,BFQYPRLMZJUL724E3AW65DSRZRHY2YHNKTXUQKPDRPU5BYSGOE2VQ46LNU,955
449,1,1,94,18.8,406,81.2,EMGUFI4UI3CF7VIKSAVFU65RLA6FAPSVU6TM4IZUYOVXSVR7HSZJGGOQUU,957
450,1,1,94,18.8,406,81.2,EMGUFI4UI3CF7VIKSAVFU65RLA6FAPSVU6TM4IZUYOVXSVR7HSZJGGOQUU,959
451,1,1,94,18.8,406,81.2,EMGUFI4UI3CF7VIKSAVFU65RLA6FAPSVU6TM4IZUYOVXSVR7HSZJGGOQUU,961
452,1,1,94,18.8,406,81.2,EMGUFI4UI3CF7VIKSAVFU65RLA6FAPSVU6TM4IZUYOVXSVR7HSZJGGOQUU,963
453,1,1,94,18.8,406,81.2,EMGUFI4UI3CF7VIKSAVFU65RLA6FAPSVU6TM4IZUYOVXSVR7HSZJGGOQUU,965
454,0,0,94,18.8,406,81.2,BFQYPRLMZJUL724E3AW65DSRZRHY2YHNKTXUQKPDRPU5BYSGOE2VQ46LNU,967
455,1,1,94,18.8,406,81.2,EMGUFI4UI3CF7VIKSAVFU65RLA6FAPSVU6TM4IZUYOVXSVR7HSZJGGOQUU,969
456,1,1,94,18.8,406,81.2,EMGUFI4UI3CF7VIKSAVFU65RLA6FAPSVU6TM4IZUYOVXSVR7HSZJGGOQUU,971
457,1,1,94,18.8,406,81.2,EMGUFI4UI3CF7VIKSAVFU65RLA6FAPSVU6TM4IZUYOVXSVR7HSZJGGOQUU,973
458,1,1,94,18.8,406,81.2,EMGUFI4UI3CF7VIKSAVFU65RLA6FAPSVU6TM4IZUYOVXSVR7HSZJGGOQUU,975
459,0,0,94,18.8,406,81.2,BFQYPRLMZJUL724E3AW65DSRZRHY2YHNKTXUQKPDRPU5BYSGOE2VQ46LNU,977
460,1,1,94,18.8,406,81.2,EMGUFI4UI3CF7VIKSAVFU65RLA6FAPSVU6TM4IZUYOVXSVR7HSZJGGOQUU,979
461,1,1,94,18.8,406,81.2,EMGUFI4UI3CF7VIKSAVFU65RLA6FAPSVU6TM4IZUYOVXSVR7HSZJGGOQUU,981
462,1,1,94,18.8,406,81.2,BFQYPRLMZJUL724E3AW65DSRZRHY2YHNKTXUQKPDRPU5BYSGOE2VQ46LNU,983
463,1,1,94,18.8,406,81.2,EMGUFI4UI3CF7VIKSAVFU65RLA6FAPSVU6TM4IZUYOVXSVR7HSZJGGOQUU,985
464,1,1,94,18.8,406,81.2,BFQYPRLMZJUL724E3AW65DSRZRHY2YHNKTXUQKPDRPU5BYSGOE2VQ46LNU,987
465,1,1,94,18.8,406,81.2,EMGUFI4UI3CF7VIKSAVFU65RLA6FAPSVU6TM4IZUYOVXSVR7HSZJGGOQUU,989
466,0,0,94,18.8,406,81.2,BFQYPRLMZJUL724E3AW65DSRZRHY2YHNKTXUQKPDRPU5BYSGOE2VQ46LNU,991
467,1,1,94,18.8,406,81.2,EMGUFI4UI3CF7VIKSAVFU65RLA6FAPSVU6TM4IZUYOVXSVR7HSZJGGOQUU,993
468,0,0,94,18.8,406,81.2,BFQYPRLMZJUL724E3AW65DSRZRHY2YHNKTXUQKPDRPU5BYSGOE2VQ46LNU,995
469,1,1,94,18.8,406,81.2,EMGUFI4UI3CF7VIKSAVFU65RLA6FAPSVU6TM4IZUYOVXSVR7HSZJGGOQUU,997
470,1,1,94,18.8,406,81.2,EMGUFI4UI3CF7VIKSAVFU65RLA6FAPSVU6TM4IZUYOVXSVR7HSZJGGOQUU,999
471,1,1,94,18.8,406,81.2,EMGUFI4UI3CF7VIKSAVFU65RLA6FAPSVU6TM4IZUYOVXSVR7HSZJGGOQUU,1001
472,0,0,94,18.8,406,81.2,BFQYPRLMZJUL724E3AW65DSRZRHY2YHNKTXUQKPDRPU5BYSGOE2VQ46LNU,1003
473,1,1,94,18.8,406,81.2,EMGUFI4UI3CF7VIKSAVFU65RLA6FAPSVU6TM4IZUYOVXSVR7HSZJGGOQUU,1005
474,1,1,94,18.8,406,81.2,EMGUFI4UI3CF7VIKSAVFU65RLA6FAPSVU6TM4IZUYOVXSVR7HSZJGGOQUU,1007
475,1,1,94,18.8,406,81.2,EMGUFI4UI3CF7VIKSAVFU65RLA6FAPSVU6TM4IZUYOVXSVR7HSZJGGOQUU,1009
476,1,1,94,18.8,406,81.2,EMGUFI4UI3CF7VIKSAVFU65RLA6FAPSVU6TM4IZUYOVXSVR7HSZJGGOQUU,1011
477,1,1,94,18.8,406,81.2,EMGUFI4UI3CF7VIKSAVFU65RLA6FAPSVU6TM4IZUYOVXSVR7HSZJGGOQUU,1013
478,1,1,94,18.8,406,81.2,EMGUFI4UI3CF7VIKSAVFU65RLA6FAPSVU6TM4IZUYOVXSVR7HSZJGGOQUU,1015
479,1,1,94,18.8,406,81.2,EMGUFI4UI3CF7VIKSAVFU65RLA6FAPSVU6TM4IZUYOVXSVR7HSZJGGOQUU,1017
480,1,1,94,18.8,406,81.2,EMGUFI4UI3CF7VIKSAVFU65RLA6FAPSVU6TM4IZUYOVXSVR7HSZJGGOQUU,1019
481,1,1,94,18.8,406,81.2,EMGUFI4UI3CF7VIKSAVFU65RLA6FAPSVU6TM4IZUYOVXSVR7HSZJGGOQUU,1021
482,1,1,94,18.8,406,81.2,EMGUFI4UI3CF7VIKSAVFU65RLA6FAPSVU6TM4IZUYOVXSVR7HSZJGGOQUU,1023
483,1,1,94,18.8,406,81.2,EMGUFI4UI3CF7VIKSAVFU65RLA6FAPSVU6TM4IZUYOVXSVR7HSZJGGOQUU,1025
484,1,1,94,18.8,406,81.2,EMGUFI4UI3CF7VIKSAVFU65RLA6FAPSVU6TM4IZUYOVXSVR7HSZJGGOQUU,1027
485,1,1,94,18.8,406,81.2,EMGUFI4UI3CF7VIKSAVFU65RLA6FAPSVU6TM4IZUYOVXSVR7HSZJGGOQUU,1029
486,1,1,94,18.8,406,81.2,EMGUFI4UI3CF7VIKSAVFU65RLA6FAPSVU6TM4IZUYOVXSVR7HSZJGGOQUU,1031
487,1,1,94,18.8,406,81.2,EMGUFI4UI3CF7VIKSAVFU65RLA6FAPSVU6TM4IZUYOVXSVR7HSZJGGOQUU,1033
488,1,1,94,18.8,406,81.2,EMGUFI4UI3CF7VIKSAVFU65RLA6FAPSVU6TM4IZUYOVXSVR7HSZJGGOQUU,1035
489,0,0,94,18.8,406,81.2,BFQYPRLMZJUL724E3AW65DSRZRHY2YHNKTXUQKPDRPU5BYSGOE2VQ46LNU,1037
490,1,1,94,18.8,406,81.2,BFQYPRLMZJUL724E3AW65DSRZRHY2YHNKTXUQKPDRPU5BYSGOE2VQ46LNU,1039
491,1,1,94,18.8,406,81.2,BFQYPRLMZJUL724E3AW65DSRZRHY2YHNKTXUQKPDRPU5BYSGOE2VQ46LNU,1041
492,1,1,94,18.8,406,81.2,EMGUFI4UI3CF7VIKSAVFU65RLA6FAPSVU6TM4IZUYOVXSVR7HSZJGGOQUU,1043
493,0,0,94,18.8,406,81.2,BFQYPRLMZJUL724E3AW65DSRZRHY2YHNKTXUQKPDRPU5BYSGOE2VQ46LNU,1045
494,1,1,94,18.8,406,81.2,EMGUFI4UI3CF7VIKSAVFU65RLA6FAPSVU6TM4IZUYOVXSVR7HSZJGGOQUU,1047
495,0,0,94,18.8,406,81.2,BFQYPRLMZJUL724E3AW65DSRZRHY2YHNKTXUQKPDRPU5BYSGOE2VQ46LNU,1049
496,1,1,94,18.8,406,81.2,EMGUFI4UI3CF7VIKSAVFU65RLA6FAPSVU6TM4IZUYOVXSVR7HSZJGGOQUU,1051
497,1,1,94,18.8,406,81.2,EMGUFI4UI3CF7VIKSAVFU65RLA6FAPSVU6TM4IZUYOVXSVR7HSZJGGOQUU,1053
498,1,1,94,18.8,406,81.2,EMGUFI4UI3CF7VIKSAVFU65RLA6FAPSVU6TM4IZUYOVXSVR7HSZJGGOQUU,1055
499,1,1,94,18.8,406,81.2,EMGUFI4UI3CF7VIKSAVFU65RLA6FAPSVU6TM4IZUYOVXSVR7HSZJGGOQUU,1057
